-- MySQL dump 10.13  Distrib 5.7.26, for macos10.14 (x86_64)
--
-- Host: localhost    Database: OBRS
-- ------------------------------------------------------
-- Server version	5.7.26

/*!40101 SET @OLD_CHARACTER_SET_CLIENT=@@CHARACTER_SET_CLIENT */;
/*!40101 SET @OLD_CHARACTER_SET_RESULTS=@@CHARACTER_SET_RESULTS */;
/*!40101 SET @OLD_COLLATION_CONNECTION=@@COLLATION_CONNECTION */;
/*!40101 SET NAMES utf8 */;
/*!40103 SET @OLD_TIME_ZONE=@@TIME_ZONE */;
/*!40103 SET TIME_ZONE='+00:00' */;
/*!40014 SET @OLD_UNIQUE_CHECKS=@@UNIQUE_CHECKS, UNIQUE_CHECKS=0 */;
/*!40014 SET @OLD_FOREIGN_KEY_CHECKS=@@FOREIGN_KEY_CHECKS, FOREIGN_KEY_CHECKS=0 */;
/*!40101 SET @OLD_SQL_MODE=@@SQL_MODE, SQL_MODE='NO_AUTO_VALUE_ON_ZERO' */;
/*!40111 SET @OLD_SQL_NOTES=@@SQL_NOTES, SQL_NOTES=0 */;

--
-- Table structure for table `OBRS_book`
--

DROP TABLE IF EXISTS `OBRS_book`;
/*!40101 SET @saved_cs_client     = @@character_set_client */;
/*!40101 SET character_set_client = utf8 */;
CREATE TABLE `OBRS_book` (
  `bookId` varchar(40) NOT NULL,
  `bookName` varchar(255) DEFAULT NULL,
  `bookAuthor` varchar(255) DEFAULT NULL,
  `bookType` varchar(255) DEFAULT NULL,
  `bookDescription` text,
  `bookStatus` int(255) DEFAULT NULL,
  `bookPublishDate` date DEFAULT NULL,
  PRIMARY KEY (`bookId`)
) ENGINE=InnoDB DEFAULT CHARSET=utf8;
/*!40101 SET character_set_client = @saved_cs_client */;

--
-- Dumping data for table `OBRS_book`
--

LOCK TABLES `OBRS_book` WRITE;
/*!40000 ALTER TABLE `OBRS_book` DISABLE KEYS */;
INSERT INTO `OBRS_book` VALUES ('03008560-dd2a-4da0-8a54-3710538b8f21','红楼梦','曹雪芹','中国古典文学读本丛书','《红楼梦》是一部百科全书式的长篇小说。以宝黛爱情悲剧为主线，以四大家族的荣辱兴衰为背景，描绘出18世纪中国封建社会的方方面面，以及封建专制下新兴资本主义民主思想的萌动。结构宏大、情节委婉、细节精致，人物形象栩栩如生，声口毕现，堪称中国古代小说中的经典。',2,'2006-10-25'),('26c98e74-215f-4056-b002-556c1a443dba','浮木','杨本芬','看见女性三重奏','浮木》是《秋园》的续集。一位八旬奶奶讲述她和妈妈，以及中南腹地那些家人、亲戚、乡亲们的故事，在那样的年代里，人们像水中的浮木般起起伏伏、随波逐流、挣扎求生，他们的命运在大时代中载浮载沉、漂泊无向，有的从此破碎，有的尚有一线生机。文字中涉及的人物，其生命多数不复存在， 恰如泡影破灭于水面，闪电消失于天空。作者通过回忆，讲述了中国人民生生不息的坚韧与美好，这一生，像是一颗露珠的记忆，微小，短暂。但在露珠破灭之前，那也是闪耀着晶亮光芒的，是一个完整的宇宙。',2,'2018-04-23'),('3ef2039e-8b53-4c90-b7ec-65cc2fe86bab','索拉里斯星','斯坦尼斯瓦夫•莱姆','译林幻系列','波兰科幻大师斯坦尼斯瓦夫•莱姆代表作，以诗意笔触和深邃哲思触探人类认知边界。人类追寻着地外文明的蛛丝马迹，遇见了索拉里斯星的蓝色大洋。它像一面镜子，反映出人类的忧伤与迷惘，恐惧与执念。而它本身是什么，人类却永远也无法知道。',2,'2019-09-12'),('3f8012d1-bed3-44e6-8630-e4a94de36a72','也许你该找个人聊聊','洛莉· 戈特利布','回忆录','这是一位心理治疗师的回忆录，讲述了发生在诊室中的故事。在这个小小的密闭空间里，人们会展现出最真实、最脆弱的一面；也是在这里，人们获得了陪伴和倾听，也获得了宝贵的觉察、成长与改变。',1,'2021-07-21'),('43686b79-8dbe-4efd-8a51-a71c3bc07d18','三只忧伤的老虎','因凡特','小说','本书是古巴作家因凡特的代表作，是拉美“文学爆炸”风潮中最独特、最具实验性的作品之一。这本小说没有明确的故事线，开篇的场景是50年代哈瓦那最著名的夜店，经主持人介绍，一干人物纷纷亮相。而全书结构与此呼应，不同人物上场、下场，以其独特的视角和声音呈现一段“剧目”，各个篇章共同构成一场盛大而炫目的演出。小说描写了50年代末哈瓦那的几位艺术家，但真正的主角并不是他们，而是文学、电影、音乐以及回忆中的城市本身。',2,'2019-12-23'),('64c2dcf2-0a66-40ea-9c72-be02d4e44ed4','出身','劳伦·A. 里韦拉','理想国纪实','名校毕业、成绩优异，就能顺利获得高薪offer、进入精英阶层吗？这可能只是万里长征的起点。名企选拔的标准对家境优渥的学生更有利，招聘官眼中的“优秀”特质往往需要几年甚至十几年的熏陶和培养。看似公平的竞争，实则成为精英自我复制的助推，以及其他群体向上流动的壁垒。',1,'2018-11-23'),('6bb739f7-f01e-4366-b598-79fd31f9e6b6','书店四季','肖恩•白塞尔','书店日记系列','18岁的时候，肖恩•白塞尔第一次在苏格兰小镇威格敦看到那家名叫“书店”（The Book Shop）的书店。他和朋友散步经过，看到堆满书籍的橱窗，对朋友说：“这家店到年底一定倒闭。”\r\n\r\n十三年后，肖恩辞去电视台的职务，买下了这家书店。经过十多年的辛勤工作，“书店”已是苏格兰最大的二手书书店，而威格敦也成为远近闻名的“书城”。肖恩往返各地收购旧书，应付层出不穷的奇葩顾客、古怪店员和电商冲击之下的经营窘境。2017年，他的“行业劝退书”《书店日记》出版，这部反映当代书业生存现状的实录，凭借喜剧天赋和犀利毒舌成为英国书市的年...',2,'2008-12-25'),('7c016f93-a910-4271-ae56-be85c106c4a3','东京绮梦','伊恩·布鲁玛','理想国译丛','20世纪70年代，日本刚刚结束汹涌激荡的战后重建。此前的十多年间，日本人口激增，经济起飞，制造业繁荣发达，文学、电影等艺术文化领域一片欣欣向荣。而若是稍往后看，彼时的日本又处在经济泡沫时代的前夜，即将被卷入全球化的旋涡中。夹在其间、看似不怎么起眼的70年代，实则继承了战后之初的辉煌发展成果，又昭示了日本文化大繁荣、走向世界的进步潮流，拥有承前启后的地位。',1,'2021-08-09'),('7d37ddbd-0fc5-40ad-92b2-4dc1a689a1af','祥瑞','张向荣','世纪文景','传统史学把新莽贬入闰位，把古典末期的这个重要瞬间涂抹得怪诞荒唐。张向荣以深描细察的写作，让读者看到一个充满活力和可能性的转折时代。',1,'2021-08-11'),('80e1742f-8451-49e3-98b6-552bcf53e1ee','雷蒙德·卡佛访谈录','马歇尔·布鲁斯·金特','守望者·访谈','卡佛访谈合集首译中文，《当我们谈论爱情时我们在谈论什么》标配读物，精选二十三篇重要访谈。',1,'2017-09-12'),('853e6562-d254-4f98-a4e1-098abedc0f6e','海边的房间','黄丽群','小说','台湾新生代小说家黄丽群的代表短篇小说集，十二个坏掉的人，十二个令人倒吸一口凉气的好故事。小说家熬制典雅细密的汉语，精巧布局，将人间悲欢斩落整齐，写出一个城市畸爱者的幽冷世界：老公寓里的弃女和养父，乡间卜算师与患病的儿子，梦游的宅男，中年独居女人和三花猫……语言的俏皮与一 个个意料之外被冻住的结尾，以及对平凡人事细致入微的体察，构成作品特有的文字张力。无常往往最平常，老灵魂的世情书写，温热冷艳，拨动平凡市井里的人心与天机，失意人的情欲与哀伤，我们日常的困顿与孤独。',2,'2017-03-24'),('858864bf-4f78-45b2-8cda-b064b2b6b748','鄙视','阿尔贝托•莫拉维亚','读客文化·莫拉维亚作品','婚后两年，丈夫在工作、金钱和理想面前节节败退，妻子的鄙视成了对他而言最大的惩罚。他时时揣摩自己为什么被妻子鄙视，却把妻子越推越远，一桩原本幸福的婚姻即将轰然崩塌。\n\n“我鄙视你，这就是我不再爱你的原因。”',1,'2021-12-09'),('8c9d0d54-e596-4dc9-95d6-8e450e4786c6','浪漫地理学','段义孚','未知','“浪漫”与“地理学”看似是一对矛盾的词。地理学脚踏实地，充满常识，亦是生存所必需。在过去，每个人都要懂得去哪里寻找食物、水源和栖息地；而如今，所有人都必须细心经营地球家园，使之更宜安居。当今的地理学著作缺乏戏剧性，地图、数据、描述和分析比 比皆是，却没有豪侠之举，没有孜孜以求的精神。然而，在不远的历史中，地理学的确曾有魔力，并被认为是浪漫的。那是一个英勇探索的时代。探险家深入海洋、山岳、森林、洞穴、沙漠和极地冰原，检验着自己身体和精神的忍耐力……作者指出，若是将精神视为人类存在的核心，或许人类需要将整个宇宙当作游乐场：超越中庸之道，信奉诸如光与暗、高与低、头脑与肌肉等两极化价值，皈依一些并不满足生存需要，却迎合热烈的浪漫渴望的地理环境。全书以灵动的笔调，从哲学、心理学、人类学的角度讲述人性与大地的互动，发掘地理学的诗性潜力。',1,'2016-09-14'),('992861fe-ed0d-4a48-a66b-91082df2bc0b','焦虑的人','弗雷德里克•巴克曼','弗雷德里克·巴克曼 作品','究竟是何种程度的无奈和绝望，迫使一个中年人在新年来临前的早晨，用一把玩具枪抢劫一家无现金银行。行动失败的劫匪仓皇之中逃进一间位于大楼顶层的待售公寓，里面全都是正在看房子的潜在买家。由此开始，抢劫案变成了劫持人质案。\n\n然而事情的发展出乎预料，没有警匪对峙、没有致命一击，漫长的一天过后，八名人质安然无恙得到释放，劫匪却完全不见踪影。警察对人质逐一展开讯问，却发现他们每个人都有一肚子的抱怨和疑问，可是谁也说不清楚并且不关心劫匪究竟去了哪里。',2,'2009-06-16'),('9d52e734-f044-4057-8a98-a13152b70010','人造美人','星新一','译林幻系列','《人造美人》结集了星新一39篇作品，包含《人造美人》《生活维持省》《被热恋的男人》《身份识别机》等。这些短篇题材新颖、知识新鲜、想象新奇，结尾出乎意料；同时立意深刻，读罢让人不禁反思。\r\n\r\n酒吧老板制作了一台美女机器人来招揽生意，可有客人爱上了她……\r\n\r\n未来和平安宁，人人都有开阔的生存空间，活得悠闲自在，这多亏了一个特别的机构——生活维持省。\r\n\r\n博士发明了一种让对方自动爱上自己的药水，他能如愿尝到恋爱的滋味吗？\r\n\r\n高精度的身份识别机被发明了出来，成为社会生活不可或缺的一部分。机器的生产厂家垄断了市场，保密工作无懈可击。然而一场意外让一切都乱了套……',1,'2014-09-23'),('9dbbbc82-3159-4c2b-a149-30e9688fb576','Blue','叶真中显','午夜文库·日系佳作','有一个人出生在平成开始的日子，死于平成结束的日子。\r\n\r\n母亲说他出生时窗外一片蓝天，所以给他取名青，也唤作Blue。',1,'2012-09-11'),('9f99be59-33d2-4061-83fd-b3a86edff6a8','人间王国','阿莱霍·卡彭铁尔','卡彭铁尔作品集','“人永远也不知道为谁辛苦、为谁等待……历尽艰辛、不断苦斗的人，身虽贫贱而心灵高尚、饱 经沧桑而爱心未泯的人，只能在这个人间王国找到自己的伟大之处，达到最高点。”\r\n\r\n《人间王国》是“神奇现实主义”小说的开山之作。卡彭铁尔经过漫长而艰苦的实地调查，以海地独立为背景，写出了人类生生世世无法挣脱的历史循环，也以此践行作家的职责：提醒公众牢记民族的历史。',1,'2017-09-21'),('a1a6c884-810d-4f6b-8e1c-7a2dde85e315','世界坟墓中的安娜·尹','奥尔加·托卡尔丘克','奥尔加·托卡尔丘克作品','安娜·尹，天地之女神，独闯世界坟墓。那里是她的孪生姐姐统治的冥界，所有生者都将走过七道门，一去不回。为了救回安娜·尹，她的挚友去往天界寻求诸父的帮助，又走到城市尽头、沙漠边缘去找大母神宁玛。\r\n\r\n诸父订立了法则，隔绝地上与地下，让人类处于无休止的劳碌与短暂的欢欣之中。人类无法理解生命的一切，也无法获得幸福。为了给人世找到新的秩序，安娜·尹与大母神欲打开坟墓，撼动世界的根基，把世界重新连成一个整体。\r\n\r\n最终，安娜·尹从冥界归来，死而复生……\r\n\r\n“‘往日’与‘来日’，仅一字之差，‘往来——往...',1,'2016-09-28'),('a621b6f3-82ee-4f9d-a9a2-d9fda0979226','一日三秋','刘震云','刘震云作品','小说《一日三秋》引用民间“花二娘”的传说，以想象的故事描述“我”记忆中的六叔生前所画的画作，探讨延津人幽默的本质。',2,'2013-10-29'),('a6fe57d2-ee09-43d9-aabe-829dea4e93e9','素食者','韩江','小说','素食者》以一种抒情却又撕裂的风格，将柔情和恐怖微妙地融为一体。揭示出强烈反抗对女主人公和她身边所有人的冲击。这本凝练、精美而又令人不安的书将长久萦绕于人心，甚至潜入读者的梦中。',2,'2001-09-15'),('ae20f6e7-4fa1-4589-8c80-ad6784db8d29','星降山庄杀人事件','仓知淳','午夜文库·日系佳作','杉下和夫因顶撞上司而被社长降为艺人助理，不得不跟着观星家星园诗郎外出工作。两人受邀来到一处山间度假村，却与UFO研究学者、小说家及其秘书等人一同被大雪困住。突如其来的杀人案令众人惊慌不安，迟迟等不到救援更让他们的处境雪上加霜。星园与杉下临时作为“侦探和助手”，搭档寻找案件真相。\r\n\r\n可当看似不可思议的现象与一切不合逻辑的行为都有了合理的解释，案件调查却陷入了迷局。隐秘的凶手究竟藏在何处？',1,'2018-05-16'),('b21de5bf-936d-44de-8d98-ce874a01ff7e','你踩过天鹅尸体吗','宫藤官九郎','未知','在只能以冬季天鹅为傲的日本东北小镇，我就读于秉承“质实刚健”的校训、学长学弟制盛行的男子高校。我每天被学长欺负，没有女同学喜欢，连死党也不在同一所学校，北野武的深夜广播是心灵唯一的慰藉。我想组一支摇滚乐队、想离开小镇去东京、想加入“北野武军团”……\r\n\r\n在这看不到尽头的无聊日子里，一个极度迷恋天鹅的大叔成了我的倾诉对象。“天鹅大叔”看似不合群、不靠谱，但总能在我犹豫不决时大力推我一把。在他的陪伴下，我度过了磕磕绊绊、笑料百出、充满烦恼和汗渍味的高中生活。\r\n\r\n谁说成年人就没有青春期了？！\r\n\r\n青春是不会毕业的！人生惊喜或意外请放马过来吧～',1,'2020-04-29'),('b968e020-7004-4ea4-845c-db2ff28dce5b','置身事内','兰小欢','世纪文景“大国之治”','“在成功的经济体中，经济政策一定是务实的，不是意识形态化的。是具体的，不是抽象的。”',1,'2021-08-10'),('c240a07d-6d70-4497-802c-a8cbca62c88a','东京贫困女子','中村淳彦','小说','原本刊载于日本《东洋经济新闻》，是一个以《在贫困中呻吟的女性》为题的专栏，历时三年左右，收集了几十位女性亲口讲述的故事，最后集结成书。',1,'2021-08-01'),('cd7d865a-065c-49e9-bf3e-acfb1977b553','成年人的谎言生活','埃莱娜•费兰特','埃莱娜·费兰特作品系列','成年人的谎言生活》（2019）是意大利作家埃莱娜•费兰特继“那不勒斯四部曲”之后的最新一部作品，聚焦于出身那不勒斯中产家庭的女孩乔瓦娜的青春和成长。\n\n在她父亲离家两年前，十二岁的乔瓦娜偶然听到父亲对母亲说自己很丑，越来越像他一直嫌恶的妹妹维多利亚，这句话驱使乔瓦娜第一次走向那不勒斯下城，面对父亲抛在身后的卑贱过往。\n\n乔瓦娜见证了姑姑维多利亚和恩佐昔日荒诞而悲剧的爱情，也和恩佐的遗孤托尼诺、库拉多和朱莉安娜缔结了古怪的友谊。那片粗鄙和鲁莽的低等社区，逐渐成了乔瓦娜反叛上城的中产阶级伪善生活的工具。她以一种自虐般的激情观察并模仿成人世界的谎言：...',2,'2018-08-21'),('d0795c63-ba89-4cbb-96d9-d29e69b4f14b','年月日','年月日','阎连科作品（磨铁出品）','“如果人类的祭日到来了，世界上只还有一个人和一粒种子会是什么样？”\r\n\r\n千古一遇的大旱降临，村庄里的人尽数离开，只留下了先爷、一条盲狗和仅剩的一株玉蜀黍苗。日光毒辣得能称量出光的重量，一人一狗该如何守护着一点微弱的希望存活下来？在年月日的反复轮回中，日头越是难熬，生命越发显出生猛的力量。\r\n\r\n人生宛如在漫漫长夜中行走，相信虔诚等待的人终会看到灵至的那束光。',1,'2018-05-23'),('df20b5db-10d7-4fd0-aad6-32661ffdb008','鳄鱼手记','鳄鱼手记',' 理想国·邱妙津作品','“尽管我要再受多大的痛苦与折磨，我还是要述说爱是不灭的。”\r\n\r\n《鳄鱼手记》是台湾作家邱妙津长篇小说处女作，也是她最重要的长篇小说，华语世界一部女性主义文学经典。小说以主人公“我”的大学生活为背景，通过一段段感情的萌发、深陷乃至最终仳离，直面内心深处极致的爱与无人理解的悲哀，逼视年轻人敏感自伤的内心世界。小说是台湾二十世纪末一代青年迷惘困顿心路历程的真实写照，更是一段艰难跋涉的性别认同与自我认同的贴身记录。作者以刀锋般锋利闪光的笔触，探入心灵的隐秘岩层，那些极度坦诚的自我剖析与情爱想象的翻转辩证，那些人性与人性深深交会的时刻、强劲与庄严的生之体验，深刻展示了人类永恒的主题，即如何通过极致纯粹的情感更深入地认识自我与世界，从一己抵达普遍人类心灵的深度，一种辉煌心智激情。\r\n\r\n在这些故事中，还穿插着一只拟人化鳄鱼的独白，构成独立于主要情节之外的诗性...',1,'2016-09-20'),('e43ec5e4-4457-4e11-808a-15cfa56d3ac6','其主之声','斯坦尼斯瓦夫•莱姆','译林幻系列','机缘巧合之下，科学家发现了来自外太空的一封中微子信件，也许这正是智慧生物的象征。我们不知道发信人是谁，该如何解读这封信的内容呢？如果我们甚至无法确定是否存在发信人呢？《其主之声》围绕谜团展开的故事，比众多冒险小说都更扣人心弦，尤其与未知的较量，激发了对世界本质、人类本性和生命为何存在缺陷等基本问题的思考。',1,'2010-07-13'),('f1ae4450-eac2-4fe4-b48b-2313d8bd0ad1','盲视','彼得·沃茨','理想国：彼得·沃茨作品','2082年2月13日，65536个外星探测器包围了地球，初时它们如同镶嵌在大气层中的无数个黑洞，其后它们一起燃烧殆尽，引发了地球以及地球同步轨道上的所有无线电同声共鸣，每一架红外线望远镜都只能看到一片雪花。一场短暂的、明亮的，来自不明生物的窥测。',1,'2016-06-13'),('f8c1a826-5aa6-46f6-8f79-15a5f40cdc61','铸剑','鲁迅','未知','“我已经改变了我的优柔的性情，要用这剑报仇去！”\r\n\r\n《铸剑》是鲁迅历史小说的代表，根据干宝《搜神记》的《三王墓》改写，再现古代重然诺、轻生死的侠义精神。\r\n\r\n先锋绘本作家昔酒为鲁迅这篇经典小说创作全新图像绘画，风格冷酷神秘，诠释荒诞叙述，平添奇异幻彩。',1,'2016-11-17'),('fe4b9ba8-417c-43f1-91c4-556fa247fddd','体内火焰','陈思安','未知','受家族遗传影响的男孩，终日沉溺于梦境中无法自拔；\r\n\r\n女人无意中拉扯自己身上的线头，最后竟如抽丝拔茧般将自我拉扯殆尽，\r\n\r\n生活在大陆深处那片荒原地带中的居民，他们每个人一生中都会死去三次；\r\n\r\n透过一片凹透镜和一片凸透镜组成的孔洞向外张望，是门镜观察家想去观察世界的唯一方式……\r\n\r\n多元写作者陈思安，突破诗/小说/童话/戏剧的体裁之墙，用微尘的眼睛和碎片的叙事重新观看世界，从梦境与日常的交汇处，培育出58个迷你故事盆景。',1,'2016-03-14');
/*!40000 ALTER TABLE `OBRS_book` ENABLE KEYS */;
UNLOCK TABLES;

--
-- Table structure for table `OBRS_reserve`
--

DROP TABLE IF EXISTS `OBRS_reserve`;
/*!40101 SET @saved_cs_client     = @@character_set_client */;
/*!40101 SET character_set_client = utf8 */;
CREATE TABLE `OBRS_reserve` (
  `reserveId` varchar(40) NOT NULL,
  `bookId` varchar(40) DEFAULT NULL,
  `userId` varchar(40) DEFAULT NULL,
  `startDate` date DEFAULT NULL,
  `endDate` date DEFAULT NULL,
  `count` int(2) DEFAULT '0',
  PRIMARY KEY (`reserveId`)
) ENGINE=InnoDB DEFAULT CHARSET=utf8;
/*!40101 SET character_set_client = @saved_cs_client */;

--
-- Dumping data for table `OBRS_reserve`
--

LOCK TABLES `OBRS_reserve` WRITE;
/*!40000 ALTER TABLE `OBRS_reserve` DISABLE KEYS */;
INSERT INTO `OBRS_reserve` VALUES ('2a615f3b-0a93-4b2a-b3be-f28caa502d41','26c98e74-215f-4056-b002-556c1a443dba','e5d2cd91-0211-4dd5-8e6b-9a1bfcdadf61','2022-08-23','2022-09-23',1),('3f23d150-ab67-4016-ab25-93700895aeb5','992861fe-ed0d-4a48-a66b-91082df2bc0b','b6e694ac-4d13-4412-8a19-8d761bdc266d','2022-09-16','2022-09-20',0),('4f570701-33e6-4bb6-8802-c8bafbc901e9','a6fe57d2-ee09-43d9-aabe-829dea4e93e9','e5d2cd91-0211-4dd5-8e6b-9a1bfcdadf61','2022-09-15','2022-09-22',3),('596e9ca3-4afd-4639-86fd-9e052b2bc649','a621b6f3-82ee-4f9d-a9a2-d9fda0979226','72e02a25-2bda-4367-8709-9091bbf0ef30','2022-09-15','2022-09-17',1),('7ee6f4e9-3bda-4165-be44-6b599281e39c','6bb739f7-f01e-4366-b598-79fd31f9e6b6','b6e694ac-4d13-4412-8a19-8d761bdc266d','2022-09-16','2022-10-06',0),('7f90a46d-9738-4ada-b8bc-f1460f341407','3ef2039e-8b53-4c90-b7ec-65cc2fe86bab','e5d2cd91-0211-4dd5-8e6b-9a1bfcdadf61','2022-09-16','2022-09-30',1),('84991cda-a60a-4685-bceb-1a042edff0c3','03008560-dd2a-4da0-8a54-3710538b8f21','e5d2cd91-0211-4dd5-8e6b-9a1bfcdadf61','2022-08-19','2022-09-08',0),('a78308da-f9d8-4eff-ae2a-03e8ada01890','cd7d865a-065c-49e9-bf3e-acfb1977b553','e5d2cd91-0211-4dd5-8e6b-9a1bfcdadf61','2022-08-19','2022-09-12',0),('bfef0c7d-cfe2-4dca-be99-8ea659e21467','43686b79-8dbe-4efd-8a51-a71c3bc07d18','e5d2cd91-0211-4dd5-8e6b-9a1bfcdadf61','2022-08-23','2022-09-23',0);
/*!40000 ALTER TABLE `OBRS_reserve` ENABLE KEYS */;
UNLOCK TABLES;

--
-- Table structure for table `OBRS_role`
--

DROP TABLE IF EXISTS `OBRS_role`;
/*!40101 SET @saved_cs_client     = @@character_set_client */;
/*!40101 SET character_set_client = utf8 */;
CREATE TABLE `OBRS_role` (
  `roleId` int(3) NOT NULL,
  `roleName` varchar(255) DEFAULT NULL,
  PRIMARY KEY (`roleId`)
) ENGINE=InnoDB DEFAULT CHARSET=utf8;
/*!40101 SET character_set_client = @saved_cs_client */;

--
-- Dumping data for table `OBRS_role`
--

LOCK TABLES `OBRS_role` WRITE;
/*!40000 ALTER TABLE `OBRS_role` DISABLE KEYS */;
INSERT INTO `OBRS_role` VALUES (1,'管理员'),(2,'普通用户');
/*!40000 ALTER TABLE `OBRS_role` ENABLE KEYS */;
UNLOCK TABLES;

--
-- Table structure for table `OBRS_user`
--

DROP TABLE IF EXISTS `OBRS_user`;
/*!40101 SET @saved_cs_client     = @@character_set_client */;
/*!40101 SET character_set_client = utf8 */;
CREATE TABLE `OBRS_user` (
  `userId` varchar(40) NOT NULL,
  `userName` varchar(255) DEFAULT NULL,
  `userPassword` varchar(255) DEFAULT NULL,
  `gender` int(255) DEFAULT NULL,
  `userPhone` varchar(20) DEFAULT NULL,
  `userAddress` text,
  `userBirthday` date DEFAULT NULL,
  `userRole` int(3) DEFAULT NULL,
  `userEmail` varchar(20) DEFAULT NULL,
  PRIMARY KEY (`userId`),
  KEY `userRole` (`userRole`),
  CONSTRAINT `userRole` FOREIGN KEY (`userRole`) REFERENCES `OBRS_role` (`roleId`)
) ENGINE=InnoDB DEFAULT CHARSET=utf8;
/*!40101 SET character_set_client = @saved_cs_client */;

--
-- Dumping data for table `OBRS_user`
--

LOCK TABLES `OBRS_user` WRITE;
/*!40000 ALTER TABLE `OBRS_user` DISABLE KEYS */;
INSERT INTO `OBRS_user` VALUES ('72e02a25-2bda-4367-8709-9091bbf0ef30','qianyan','123456',1,'13588888888','上海','1998-11-05',2,'123456@qq.com'),('7e8bdf76-6249-4742-ac27-0d6a896616bd','小明','111111',2,'13534560987','上海','2000-11-23',2,'123456@qq.com'),('b6e694ac-4d13-4412-8a19-8d761bdc266d','可莉','123456',1,'13588888888','上海','1998-11-02',2,'123456@qq.com'),('e5d2cd91-0211-4dd5-8e6b-9a1bfcdadf61','瞳染','123456',1,'13523485698','北京','1999-09-21',2,'123456@qq.com'),('e5d2cd91-0211-4dd5-8e6b-9a1bfcdadf63','makiru','123456',1,'13855437681','安徽','1998-11-03',1,'654321@qq.com'),('e5d2cd91-0211-4dd5-8e6b-9a1bfcdadf65','qianqian','123456',1,'13866541234','海南','1999-10-03',2,'123456@qq.com');
/*!40000 ALTER TABLE `OBRS_user` ENABLE KEYS */;
UNLOCK TABLES;
/*!40103 SET TIME_ZONE=@OLD_TIME_ZONE */;

/*!40101 SET SQL_MODE=@OLD_SQL_MODE */;
/*!40014 SET FOREIGN_KEY_CHECKS=@OLD_FOREIGN_KEY_CHECKS */;
/*!40014 SET UNIQUE_CHECKS=@OLD_UNIQUE_CHECKS */;
/*!40101 SET CHARACTER_SET_CLIENT=@OLD_CHARACTER_SET_CLIENT */;
/*!40101 SET CHARACTER_SET_RESULTS=@OLD_CHARACTER_SET_RESULTS */;
/*!40101 SET COLLATION_CONNECTION=@OLD_COLLATION_CONNECTION */;
/*!40111 SET SQL_NOTES=@OLD_SQL_NOTES */;

-- Dump completed on 2022-09-16 21:05:33
